update,frames,FPS,duration,rreturn_mean,rreturn_std,rreturn_min,rreturn_max,num_frames_mean,num_frames_std,num_frames_min,num_frames_max,entropy,value,policy_loss,value_loss,grad_norm,return_mean,return_std,return_min,return_max
1,2048,525.319818669715,3,0.03567708333139308,0.053779036585061016,0.0,0.1666666716337204,78.3125,2.4165768661476505,72.0,80.0,1.9274985641241074,-0.020150855416432023,-0.016120773390866816,0.00030088613857515156,0.008910126256532896,0.03567708333139308,0.053779036585061016,0.0,0.1666666716337204
2,4096,960.465377754804,6,0.026367187369032763,0.044471387150401546,0.0,0.1666666567325592,78.6875,2.1569292408421745,70.0,80.0,1.9396457970142365,-0.00956934510031715,-0.013089224928990006,0.00023676170167163946,0.009229168557304757,0.026367187369032763,0.044471387150401546,0.0,0.1666666567325592
3,6144,964.9792535744384,8,0.02818627413088346,0.05054905492739251,0.0,0.19583332538604736,77.47058823529412,2.872130733113812,70.0,80.0,1.9409191459417343,-0.007347472390392795,-0.0096596316434443,0.000198435260244878,0.008326046660453137,0.02818627413088346,0.05054905492739251,0.0,0.19583332538604736
4,8192,960.0164726222787,10,0.03561828020329197,0.04542632981777836,0.0,0.1458333283662796,77.2258064516129,3.3955348043718105,66.0,80.0,1.9267036318778992,0.008674827113281935,-0.008712267153896391,0.00032059634941106196,0.010182742283953859,0.03561828020329197,0.04542632981777836,0.0,0.1458333283662796
5,10240,958.672057443085,12,0.03391927113989368,0.03882648944844897,0.0,0.12708333134651184,77.15625,2.195298598710435,72.0,80.0,1.9399574846029282,0.024839432910084724,0.0027056993130827323,0.0002560635330155492,0.00644860276423961,0.03391927113989368,0.03882648944844897,0.0,0.12708333134651184
6,12288,974.5965992559879,14,0.028819445197263524,0.05313861655016603,0.0,0.2083333432674408,76.72222222222223,3.141223320717151,71.0,80.0,1.94285486638546,0.02141657890751958,0.004838808090426028,0.00014604645275539951,0.006016554238292232,0.028819445197263524,0.05313861655016603,0.0,0.2083333432674408
7,14336,953.3314183692937,16,0.026527778276552758,0.04322078574083012,0.0,0.13750000298023224,78.36666666666666,2.401157128460267,69.0,80.0,1.9358252435922623,0.014753720141015947,-0.0022768079943489283,0.00034765431701089256,0.00405457639211552,0.026527778276552758,0.04322078574083012,0.0,0.13750000298023224
8,16384,966.3411034574463,18,0.04804687561409082,0.050863148696340475,0.0,0.1666666567325592,76.09375,3.175682751393785,67.0,80.0,1.9364515841007233,0.01792265346739441,-0.002983355909236707,0.0003101665024587419,0.005759604352092617,0.04804687561409082,0.050863148696340475,0.0,0.1666666567325592
9,18432,962.7115759159335,20,0.035185186088913016,0.06608502603927358,0.0,0.2708333432674408,77.77777777777777,3.0469576001782417,70.0,80.0,1.9377245754003525,0.008393835625611246,-0.001150141852122033,0.00021607059625239344,0.00638003920118388,0.035185186088913016,0.06608502603927358,0.0,0.2708333432674408
10,20480,971.3750435227959,23,0.02923611158815523,0.0442905868697332,0.0,0.1875,77.96666666666667,2.3449709782615407,73.0,80.0,1.9397990554571152,0.011793152312748134,-0.0033328213612549007,0.00021583231682598125,0.0032138731155488508,0.02923611158815523,0.0442905868697332,0.0,0.1875
11,22528,903.0232472963236,25,0.023857527194664843,0.041716498392967476,0.0,0.17083333432674408,78.3225806451613,2.0381379353459756,73.0,80.0,1.9425063878297806,0.006996921612881124,-0.00018725644895312143,9.534046967019094e-05,0.004212338522273686,0.023857527194664843,0.041716498392967476,0.0,0.17083333432674408
12,24576,969.5355383756713,27,0.01605392214568222,0.024864469348063547,0.0,0.08750000596046448,78.58823529411765,2.1436314303868937,72.0,80.0,1.9406259804964066,0.003917094349162653,-0.002711172099225223,9.886813541015727e-05,0.004270777240619012,0.01605392214568222,0.024864469348063547,0.0,0.08750000596046448
13,26624,960.4650555776944,29,0.02089843773865141,0.035299608951174184,0.0,0.125,78.34375,2.1448976519871525,73.0,80.0,1.9435245394706726,0.004090160742634907,-0.000590678089793073,8.798368048701377e-05,0.002513624543826949,0.02089843773865141,0.035299608951174184,0.0,0.125
14,28672,935.5238981345033,31,0.013381410390138626,0.029446761094166315,0.0,0.1041666641831398,78.38461538461539,2.1852111863602754,73.0,80.0,1.9445928782224655,0.00637248987914063,-0.0010412189549242612,0.00013031039816269185,0.006498135290772896,0.013381410390138626,0.029446761094166315,0.0,0.1041666641831398
15,30720,970.908422519505,33,0.028409091290086508,0.03324767337392679,0.0,0.1041666641831398,78.0909090909091,2.3141676475196102,71.0,80.0,1.9395265877246857,0.008673323201946914,-0.004032383469166234,0.0002070425180136226,0.00482100184163041,0.028409091290086508,0.03324767337392679,0.0,0.1041666641831398
16,32768,967.2517580694634,36,0.02519531279540388,0.043321184961956055,0.0,0.1666666567325592,77.75,2.9261749776799064,69.0,80.0,1.9340242147445679,0.013947042752988636,-0.0006401118607755052,0.00026448229073139373,0.0042956862553485365,0.02519531279540388,0.043321184961956055,0.0,0.1666666567325592
17,34816,944.5515008806718,38,0.04646739164245841,0.06662542494710069,0.0,0.2291666567325592,77.47826086956522,2.9908493081599716,71.0,80.0,1.9404951483011246,0.03246920579113066,0.0025483020435785875,0.00037370676727732643,0.010957692905514241,0.04646739164245841,0.06662542494710069,0.0,0.2291666567325592
18,36864,953.3404117085744,40,0.02692307671532035,0.042738313523371055,0.0,0.1458333283662796,77.57692307692308,3.1277059290633806,69.0,80.0,1.9399345070123672,0.01625404437072575,0.0021416094969026744,0.00016760717971919803,0.00498368456548163,0.02692307671532035,0.042738313523371055,0.0,0.1458333283662796
19,38912,924.567383877381,42,0.02866379320942636,0.049617354036982565,0.0,0.2291666567325592,78.0,2.51889411968961,71.0,80.0,1.9396661072969437,0.011454324587248266,3.291826578788459e-05,0.000220837689084874,0.00288828434506731,0.02866379320942636,0.049617354036982565,0.0,0.2291666567325592
20,40960,966.3465390074545,44,0.03179347900795224,0.041280902961190295,0.0,0.14375001192092896,77.6086956521739,2.6166545257967093,68.0,80.0,1.941454455256462,0.008265154843684286,-0.0014542681601596996,0.0001849066748036421,0.002869081041163646,0.03179347900795224,0.041280902961190295,0.0,0.14375001192092896
21,43008,928.7545341460448,46,0.02199074116328524,0.02983867270250373,0.0,0.1041666641831398,77.81481481481481,2.494988117496191,72.0,80.0,1.9411372244358063,0.008203675388358533,-0.004012890392914414,0.00020445982227101922,0.009156418827680583,0.02199074116328524,0.02983867270250373,0.0,0.1041666641831398
22,45056,945.8657415390619,49,0.035344828064714014,0.040079254179956184,0.0,0.13124999403953552,77.65517241379311,2.2480008293802243,73.0,80.0,1.939614176750183,0.013523275963962078,-2.4026663595577702e-05,0.00016087574840639718,0.003184396130834057,0.035344828064714014,0.040079254179956184,0.0,0.13124999403953552
23,47104,967.707674802683,51,0.040277777336693056,0.0540385312039498,0.0,0.2083333283662796,77.54166666666667,2.6767387910581704,71.0,80.0,1.9280639439821243,0.018358787056058645,-0.0016720048733986914,0.0003993948848801665,0.005469721094323112,0.040277777336693056,0.0540385312039498,0.0,0.2083333283662796
24,49152,975.9867473852105,53,0.041975308002697095,0.06150886755617892,0.0,0.1875,77.33333333333333,2.638742686008426,71.0,80.0,1.9283907413482666,0.0193099599564448,-0.0005385133226809558,0.00040090114998747595,0.005606425845812646,0.041975308002697095,0.06150886755617892,0.0,0.1875
25,51200,959.1193845868006,55,0.06026785668551123,0.06139127649989096,0.0,0.2291666567325592,76.28571428571429,2.561488725291587,71.0,80.0,1.9285694509744644,0.026696904562413692,-0.003715009690495208,0.0005745579801441636,0.005669280614738443,0.06026785668551123,0.06139127649989096,0.0,0.2291666567325592
26,53248,941.0977437694528,57,0.02883333311416209,0.04336809350280894,0.0,0.14791665971279144,77.16,3.29460164511584,66.0,80.0,1.9368062764406204,0.022662588860839605,0.0025745138409547508,0.0002501207654859172,0.004543548663227672,0.02883333311416209,0.04336809350280894,0.0,0.14791665971279144
27,55296,969.5349912244563,59,0.04114583369144904,0.06431787117644093,0.0,0.2291666567325592,76.42857142857143,3.0755785916587124,70.0,80.0,1.9373498111963272,0.02416225732304156,0.0011451400569058023,0.0003844532729999628,0.009379599837340824,0.04114583369144904,0.06431787117644093,0.0,0.2291666567325592
28,57344,939.8054502566706,61,0.03603395103925356,0.047645215091058894,0.0,0.125,77.62962962962963,2.451728764953388,71.0,80.0,1.9296929091215134,0.02377631887793541,0.00029035906118224375,0.0003810052658081986,0.011527283300406529,0.03603395103925356,0.047645215091058894,0.0,0.125
29,59392,975.0570329844214,64,0.0512152785086073,0.06050615074378675,0.0,0.1875,76.54166666666667,2.2909089656485455,73.0,80.0,1.924656257033348,0.027413846226409078,0.0004090438669663854,0.00042709058834589086,0.004152319218017579,0.0512152785086073,0.06050615074378675,0.0,0.1875
30,61440,950.2432256213189,66,0.04151785702976797,0.048408860805373204,0.0,0.1875,77.28571428571429,2.447405957001688,72.0,80.0,1.9305506646633148,0.03033552714623511,0.00530534127028659,0.00032227817064267583,0.0038721392579536343,0.04151785702976797,0.048408860805373204,0.0,0.1875
31,63488,932.5448574319125,68,0.029910714914357022,0.03502149247771019,0.0,0.125,77.21428571428571,2.980378006432152,69.0,80.0,1.9394859224557877,0.023785210447385907,0.005827990360558033,0.00015776505551912123,0.003039835393434902,0.029910714914357022,0.03502149247771019,0.0,0.125
32,65536,974.1403562092111,70,0.047916666857655284,0.06761664574470141,0.0,0.2562499940395355,76.91304347826087,2.9769117858475984,69.0,80.0,1.936502993106842,0.021544337971135974,-0.00016451327792310622,0.0003368204488651827,0.0055401428809572825,0.047916666857655284,0.06761664574470141,0.0,0.2562499940395355
33,67584,966.7963795394616,72,0.037715518140587316,0.05154272708398148,0.0,0.20000000298023224,77.58620689655173,2.7607750208618063,69.0,80.0,1.9301506876945496,0.025769607163965702,0.0005183589018997736,0.0003108728051302023,0.006802912756650924,0.037715518140587316,0.05154272708398148,0.0,0.20000000298023224
34,69632,969.9926252897861,74,0.03557098801765177,0.04778371904973551,0.0,0.1875,77.70370370370371,2.3224319120875383,72.0,80.0,1.936119705438614,0.029381419764831662,0.003477334132185206,0.0003504607448121533,0.0038849737234711783,0.03557098801765177,0.04778371904973551,0.0,0.1875
35,71680,970.4491566630936,76,0.04314236165373586,0.05089078959797755,0.0,0.1458333432674408,77.41666666666667,2.5967394084804805,71.0,80.0,1.9304168373346329,0.026944087585434318,-0.00023201260773930699,0.0003981167610618286,0.0036043560216466692,0.04314236165373586,0.05089078959797755,0.0,0.1458333432674408
36,73728,960.4678477864906,78,0.04866071457010029,0.06058119564074074,0.0,0.23541666567325592,77.21428571428571,2.944209120789278,70.0,80.0,1.9293929934501648,0.02482952643185854,0.00027829666214529425,0.00045788717397954315,0.0041614787890391705,0.04866071457010029,0.06058119564074074,0.0,0.23541666567325592
37,75776,949.8038227738817,81,0.041592262302791436,0.04603406385860327,0.0,0.1666666567325592,76.53571428571429,3.029405208678322,67.0,80.0,1.939409852027893,0.023046462098136544,0.0028668260492850095,0.00022666054792352952,0.0043611237633175825,0.041592262302791436,0.04603406385860327,0.0,0.1666666567325592
38,77824,976.9132368202426,83,0.040489131281071386,0.06942827107855112,0.0,0.24166667461395264,77.26086956521739,3.2332160769701233,66.0,80.0,1.9379883259534836,0.021330395713448524,0.0002773658125079237,0.000379097258701222,0.004863938198425186,0.040489131281071386,0.06942827107855112,0.0,0.24166667461395264
39,79872,966.3412121678472,85,0.04159722369319449,0.051931679106766014,0.0,0.1666666716337204,77.03333333333333,3.2810906045940817,69.0,80.0,1.9184294044971466,0.01979692722670734,-0.003553266666131094,0.00042532086445135064,0.004619501089820304,0.04159722369319449,0.051931679106766014,0.0,0.1666666716337204
40,81920,946.3016116443355,87,0.05594135818278624,0.06217431452758301,0.0,0.2083333283662796,75.92592592592592,3.2079291338566636,69.0,80.0,1.924683004617691,0.025463484460487962,-0.0015839261977816932,0.00041882477671606466,0.005579361273819924,0.05594135818278624,0.06217431452758301,0.0,0.2083333283662796
41,83968,883.215375919993,89,0.04100000059232116,0.05867672783504668,0.0,0.22500000894069672,76.52,3.634501341312175,66.0,80.0,1.9339693933725357,0.02309020864777267,0.001568130977830151,0.0003479281695035752,0.006010952104890463,0.04100000059232116,0.05867672783504668,0.0,0.22500000894069672
42,86016,957.7779062258045,92,0.03586309592771743,0.05386637674330319,0.0,0.21250000596046448,77.46428571428571,2.718746334738322,68.0,80.0,1.9382602870464325,0.025100229075178504,0.0027760048433265183,0.0002662656734173652,0.005166653264859385,0.03586309592771743,0.05386637674330319,0.0,0.21250000596046448
43,88064,984.4078005113918,94,0.028605769030176677,0.047813983254336,0.0,0.19583332538604736,77.07692307692308,2.659136310375939,70.0,80.0,1.934924989938736,0.022196981590241194,0.0030318566714413464,0.0002723909528867807,0.003313596270231112,0.028605769030176677,0.047813983254336,0.0,0.19583332538604736
44,90112,958.224933581901,96,0.04479166686845323,0.05424006756783319,0.0,0.1875,76.66666666666667,2.6404965862924765,71.0,80.0,1.9334663301706314,0.021388797322288156,-0.0015465856195078231,0.0003452191122050863,0.005641621945903434,0.04479166686845323,0.05424006756783319,0.0,0.1875
45,92160,976.9147922516306,98,0.03756944501462082,0.046086684265867615,0.0,0.1875,77.56666666666666,2.201262264146541,73.0,80.0,1.9354442805051804,0.023414160357788205,0.003442331886617467,0.0002647699457156705,0.0033015717363140194,0.03756944501462082,0.046086684265867615,0.0,0.1875
46,94208,937.660349545848,100,0.027163461423837222,0.048338032135078424,0.0,0.2083333283662796,78.07692307692308,2.1825016860170936,72.0,80.0,1.942460060119629,0.020531786140054464,0.003044744924409315,0.00023225947734317742,0.006517624370850819,0.027163461423837222,0.048338032135078424,0.0,0.2083333283662796
47,96256,949.3640916378733,102,0.03306159425688827,0.041754003869607315,0.0,0.12708333134651184,77.21739130434783,2.4308975214772803,71.0,80.0,1.9418453127145767,0.015150047838687897,-0.0013017661513003986,0.00028642867982853204,0.00470236288207879,0.03306159425688827,0.041754003869607315,0.0,0.12708333134651184
48,98304,970.9103978513668,104,0.035201149816014646,0.043174390788962506,0.0,0.12916666269302368,76.96551724137932,2.4702751294582512,71.0,80.0,1.9394602179527283,0.012223926722072065,-0.0006248875251912978,0.00022009145141055342,0.0031071402826670135,0.035201149816014646,0.043174390788962506,0.0,0.12916666269302368
49,100352,956.4359154107829,106,0.0355709879314182,0.03892989720298201,0.0,0.125,77.25925925925925,1.9737648288109966,73.0,80.0,1.9397305101156235,0.010890568024478853,0.0002273940554005094,0.00018104850460076705,0.0029581063939012053,0.0355709879314182,0.03892989720298201,0.0,0.125
50,102400,949.3649310323676,109,0.02743055613245815,0.04682353180232917,0.0,0.1875,77.04166666666667,2.8501340124437813,71.0,80.0,1.9390523582696915,0.01100866962224245,-0.00014386709881364368,0.00016525668570466223,0.0026305993368295356,0.02743055613245815,0.04682353180232917,0.0,0.1875
51,104448,935.5246113459198,111,0.009300595673266798,0.014673215850883511,0.0,0.04791666939854622,78.21428571428571,2.1771072363040247,73.0,80.0,1.943339392542839,0.011081442818976939,0.002845878043444827,7.270433070516447e-05,0.0013753261071127053,0.009300595673266798,0.014673215850883511,0.0,0.04791666939854622
52,106496,948.049116602431,113,0.025694444723841216,0.04337174863334711,0.0,0.1458333432674408,76.96296296296296,3.108905743916046,69.0,80.0,1.9412586838006973,0.010617319494485855,-0.0017019198057823814,0.00020611809577530948,0.004858625729228382,0.025694444723841216,0.04337174863334711,0.0,0.1458333432674408
53,108544,936.804537789227,115,0.030666666524484753,0.04696896005942175,0.0,0.16874998807907104,77.8,2.0976176963403033,74.0,80.0,1.9357757270336151,0.012561709969304502,-0.001926218086737208,0.00025991534675995354,0.005964475112639077,0.030666666524484753,0.04696896005942175,0.0,0.16874998807907104
54,110592,961.36498661913,117,0.038244048333061595,0.04801108218622245,0.0,0.1875,76.39285714285714,3.1548068280718833,69.0,80.0,1.9392541348934174,0.013338645454496145,-0.0023548916760773864,0.0002894889057643013,0.004971432856399955,0.038244048333061595,0.04801108218622245,0.0,0.1875
55,112640,980.178963556121,119,0.04270833304438453,0.07896450592019821,0.0,0.25,76.92307692307692,4.590316537795598,63.0,80.0,1.9321161061525345,0.010997321107424796,-0.001998745879973285,0.0003185108689649496,0.004247424630226812,0.04270833304438453,0.07896450592019821,0.0,0.25
56,114688,966.7960531010303,121,0.0466517868252205,0.057571933288315426,0.0,0.2083333432674408,77.17857142857143,3.162882629914086,68.0,80.0,1.9305538088083267,0.01595647376962006,-0.0034910869726445526,0.00037864963815081865,0.00597448373235467,0.0466517868252205,0.057571933288315426,0.0,0.2083333432674408
57,116736,963.1689454924079,124,0.05424679579356542,0.057365136679318904,0.0,0.15000000596046448,76.26923076923077,3.5033796024771933,65.0,80.0,1.911100909113884,0.025155344046652317,-0.0034502535418141633,0.0004450409142009448,0.008022790453571545,0.05424679579356542,0.057365136679318904,0.0,0.15000000596046448
58,118784,955.104582746766,126,0.05788690427185169,0.06960452991352734,0.0,0.2083333283662796,75.57142857142857,3.9679841178089,65.0,80.0,1.9219187200069427,0.031685614958405495,0.0006723158876411617,0.0006178282819746528,0.008477132642084342,0.05788690427185169,0.06960452991352734,0.0,0.2083333283662796
59,120832,975.0600213606742,128,0.034455128569299213,0.04372034552995257,0.0,0.125,76.38461538461539,3.187438362323179,67.0,80.0,1.9356388598680496,0.033915070816874504,0.00768923811847344,0.00036139316216576844,0.005732071613812306,0.034455128569299213,0.04372034552995257,0.0,0.125
60,122880,965.4328130071651,130,0.04845679045171925,0.05533693344179304,0.0,0.2083333432674408,77.29629629629629,2.991528963897581,68.0,80.0,1.9347100108861923,0.027209218591451645,0.0027895148668903857,0.0004320704447309254,0.0036822202728663076,0.04845679045171925,0.05533693344179304,0.0,0.2083333432674408
61,124928,925.8230718159635,132,0.041589506462009415,0.053137424321674724,0.0,0.1875,77.33333333333333,2.802115602870776,71.0,80.0,1.9342144876718521,0.02101179421879351,0.0017970515618799254,0.0002977638505399227,0.0028709637688852313,0.041589506462009415,0.053137424321674724,0.0,0.1875
62,126976,961.36498661913,134,0.04895833335467614,0.053223627671313924,0.0,0.1666666567325592,76.58333333333333,4.030267429781249,62.0,80.0,1.934842735528946,0.021477164700627327,-0.0010033274556917604,0.0003819824523816351,0.0043522069275064735,0.04895833335467614,0.053223627671313924,0.0,0.1666666567325592
63,129024,955.1047951406922,136,0.041522988583892584,0.05315121030753644,0.0,0.2083333283662796,77.41379310344827,2.684787815147825,70.0,80.0,1.9353440403938293,0.020561085548251867,0.001998514315346256,0.0003197968653694261,0.005272256712718129,0.041522988583892584,0.05315121030753644,0.0,0.2083333283662796
64,131072,958.2247197980105,139,0.023916667075827718,0.034029807594820834,0.0,0.1041666641831398,78.04,1.8650469162999628,74.0,80.0,1.9411493837833405,0.020441818749532104,0.0020030993910040706,0.00026404734489915427,0.006482841247283712,0.023916667075827718,0.034029807594820834,0.0,0.1041666641831398
65,133120,955.1027774022074,141,0.034294872204414927,0.043975422087417906,0.0,0.16875000298023224,77.42307692307692,2.7897212008905523,70.0,80.0,1.9406545460224152,0.018294207053259015,-0.0001510112178948475,0.0003237358087062603,0.003147858370894931,0.034294872204414927,0.043975422087417906,0.0,0.16875000298023224
66,135168,956.4416660783968,143,0.038936781568516945,0.04546976840442412,0.0,0.1666666716337204,77.72413793103448,2.1155671241624785,74.0,80.0,1.939213126897812,0.01693502184934914,0.00170970013277838,0.00017623455096327234,0.002473708058356355,0.038936781568516945,0.04546976840442412,0.0,0.1666666716337204
67,137216,949.8032976669712,145,0.030555555897687253,0.0280455841018946,0.0,0.0833333358168602,78.0,2.327373340628157,72.0,80.0,1.941590666770935,0.01421689277049154,0.0007543434167018859,0.00011343721962475684,0.0021773253625073964,0.030555555897687253,0.0280455841018946,0.0,0.0833333358168602
68,139264,972.7479684813669,147,0.016586538708697144,0.041266025764355764,0.0,0.18958333134651184,78.8076923076923,2.18419551761549,71.0,80.0,1.940987378358841,0.013892692164517939,0.001957381042302586,0.0001340839817203232,0.0018337794443724312,0.016586538708697144,0.041266025764355764,0.0,0.18958333134651184
69,141312,979.7086527295302,149,0.04439655197623732,0.05655410411725704,0.0,0.1875,76.75862068965517,3.607035007562145,68.0,80.0,1.9313568770885468,0.01642086496576667,-0.004431883251527324,0.00040456467104377225,0.004292335499719864,0.04439655197623732,0.05655410411725704,0.0,0.1875
70,143360,969.5399156076235,151,0.05946180639633288,0.06934710104810832,0.0,0.2083333432674408,76.125,3.2056265638197265,68.0,80.0,1.9227310866117477,0.0204748238902539,-0.00627272593555972,0.0005480469117173925,0.004086642648012862,0.05946180639633288,0.06934710104810832,0.0,0.2083333432674408
71,145408,937.2322994313063,154,0.028720239027669386,0.04088689000376871,0.0,0.1458333283662796,77.07142857142857,2.4484480715718013,71.0,80.0,1.9391624927520752,0.017814134247601032,0.0023002465459285304,0.0002318729821126908,0.0022393529379105483,0.028720239027669386,0.04088689000376871,0.0,0.1458333283662796
72,147456,955.5494364328968,156,0.03564814845513967,0.06026437158461115,0.0,0.2083333432674408,77.37037037037037,3.3014940293431927,68.0,80.0,1.940792828798294,0.017144227284006774,0.0017109803739003837,0.0002186217807320645,0.0038609314785191472,0.03564814845513967,0.06026437158461115,0.0,0.2083333432674408
73,149504,960.9145954082475,158,0.028416667114943266,0.03492989038447332,0.0,0.1041666641831398,77.68,2.572469630530164,71.0,80.0,1.9360764026641846,0.017603778862394392,-0.0017622733539610635,0.000281291873761802,0.004134939242135092,0.028416667114943266,0.03492989038447332,0.0,0.1041666641831398
74,151552,969.5355383756713,160,0.03194444525676469,0.0431711423741641,0.0,0.1458333432674408,77.37037037037037,2.295698847009146,73.0,80.0,1.9383204281330109,0.019832575926557183,0.002093438190058805,0.00024343247059732676,0.0024702826292569476,0.03194444525676469,0.0431711423741641,0.0,0.1458333432674408
75,153600,971.829468990145,162,0.05262345649922887,0.05500184747694309,0.0,0.1875,76.29629629629629,2.7191340508115043,69.0,80.0,1.9388276040554047,0.019346678629517555,0.0014059002824069466,0.00024112253777275328,0.00247265607230924,0.05262345649922887,0.05500184747694309,0.0,0.1875
76,155648,957.7749160518946,164,0.05008012801408768,0.07020954619484675,0.0,0.2541666626930237,77.23076923076923,3.6617323801267396,65.0,80.0,1.9308512806892395,0.016479353653267026,-0.003526054773828946,0.0005165939401194919,0.0029708652125276253,0.05008012801408768,0.07020954619484675,0.0,0.2541666626930237
77,157696,969.5380552792144,166,0.0441220242563369,0.04949851924648113,0.0,0.1875,76.89285714285714,2.907370998419187,70.0,80.0,1.9291991591453552,0.021748443599790335,0.0013005536384298466,0.00026389876802568324,0.0027571795094609606,0.0441220242563369,0.04949851924648113,0.0,0.1875
78,159744,985.3530673104509,168,0.026041667478588913,0.030230430544926246,0.0,0.1041666716337204,76.65384615384616,2.7307692307692304,70.0,80.0,1.933884546160698,0.019933010218665004,-1.2550812243716791e-05,0.00028039310382155236,0.0024987392719538356,0.026041667478588913,0.030230430544926246,0.0,0.1041666716337204
79,161792,970.451459037994,171,0.0419070516856244,0.061691693394221654,0.0,0.2083333283662796,77.42307692307692,2.9243418315800556,70.0,80.0,1.9376930445432663,0.018230940913781524,0.0006010146898915991,0.0002073663072224008,0.002841604201224988,0.0419070516856244,0.061691693394221654,0.0,0.2083333283662796
80,163840,969.993063424027,173,0.03194444488596033,0.04742264124480554,0.0,0.1875,77.66666666666667,2.8284271247461903,69.0,80.0,1.9392841011285782,0.019923224579542875,0.0017209478392032906,0.00023744710415485315,0.00206007554170682,0.03194444488596033,0.04742264124480554,0.0,0.1875
81,165888,929.5953926347564,175,0.0350833335891366,0.04610404871312771,0.0,0.17499999701976776,76.64,2.9377542443165665,70.0,80.0,1.9381740093231201,0.018421764951199293,0.0005680001195287332,0.00022585687656828668,0.0029266513778033387,0.0350833335891366,0.04610404871312771,0.0,0.17499999701976776
82,167936,956.4395361934396,177,0.04181547589333994,0.05432648162896797,0.0,0.1874999850988388,77.35714285714286,2.7020400456253912,71.0,80.0,1.9361403286457062,0.022236292250454426,-0.0005556731339311227,0.00035411850331001915,0.0026384690386642823,0.04181547589333994,0.05432648162896797,0.0,0.1874999850988388
83,169984,980.1787398639447,179,0.0490384616333848,0.04957831851049425,0.0,0.1666666567325592,76.92307692307692,2.4949653446502853,71.0,80.0,1.9272941797971725,0.022325255209580064,-0.00012432923904270865,0.00034887943365902174,0.005071413593685861,0.0490384616333848,0.04957831851049425,0.0,0.1666666567325592
84,172032,961.36498661913,181,0.04326923061699535,0.057623042512572956,0.0,0.23333331942558289,76.76923076923077,3.0798063414104004,70.0,80.0,1.9271496832370758,0.01790942926891148,0.0004279475178918801,0.00035148921961081214,0.0028930147315300823,0.04326923061699535,0.057623042512572956,0.0,0.23333331942558289
85,174080,955.9943855213047,183,0.03459821415266821,0.052209190738962526,0.0,0.20000000298023224,77.67857142857143,2.6464743585782657,68.0,80.0,1.933915987610817,0.01983067928813398,0.0009474736907577608,0.00033395076752640307,0.0026120630987751603,0.03459821415266821,0.052209190738962526,0.0,0.20000000298023224
86,176128,960.9148103940676,185,0.037660256234140925,0.052313346891518335,0.0,0.18333332240581512,77.07692307692308,3.3618112897557166,68.0,80.0,1.9398488998413086,0.01577831176109612,0.0042664741922635585,0.00013894162475480698,0.0017700517767373887,0.037660256234140925,0.052313346891518335,0.0,0.18333332240581512
87,178176,958.6718434596376,188,0.024118589649263483,0.048039045903129414,0.0,0.2291666567325592,77.42307692307692,2.989379623357391,70.0,80.0,1.938765823841095,0.01630755898077041,0.00025921117776306346,0.0003068536716455128,0.003439389882045939,0.024118589649263483,0.048039045903129414,0.0,0.2291666567325592
88,180224,942.3933893727057,190,0.01905864196036149,0.03603849357826953,0.0,0.125,78.18518518518519,2.494988117496191,71.0,80.0,1.9411966651678085,0.012268333812244236,0.003138469677651301,0.00011309101682854816,0.0019230874755331673,0.01905864196036149,0.03603849357826953,0.0,0.125
89,182272,967.2484906191946,192,0.02408333359286189,0.04432785125937868,0.0,0.1458333432674408,79.08,1.64730082255792,75.0,80.0,1.9430541843175888,0.010798611911013722,-0.0009028909262269735,0.00023910946583782788,0.0017476691397780954,0.02408333359286189,0.04432785125937868,0.0,0.1458333432674408
90,184320,972.7499513055105,194,0.04506172871010171,0.05439513850285003,0.0,0.1666666716337204,77.33333333333333,2.523959264800122,73.0,80.0,1.93951877951622,0.01634643820580095,-0.004805191274499521,0.00038126034269225784,0.00414765241409179,0.04506172871010171,0.05439513850285003,0.0,0.1666666716337204
91,186368,931.2815846174963,196,0.038942307681561664,0.055246174587340005,0.0,0.1666666716337204,76.84615384615384,2.8242399616439724,71.0,80.0,1.9367931932210922,0.013956054346635938,-0.000851516329930746,0.00026294424606021494,0.0018357689372531629,0.038942307681561664,0.055246174587340005,0.0,0.1666666716337204
92,188416,948.0478609990116,198,0.01842948763917845,0.02300168060385275,0.0,0.0833333358168602,78.0,2.1483446221182985,71.0,80.0,1.9396177530288696,0.01387169398367405,3.6851197364740074e-05,0.00019341557617735816,0.0020829865569012658,0.01842948763917845,0.02300168060385275,0.0,0.0833333358168602
93,190464,945.8678245909448,201,0.03421474395033259,0.050286881071757585,0.0,0.1458333283662796,77.34615384615384,2.5711761405166564,71.0,80.0,1.9403059780597687,0.01407084334641695,0.0003237282835470978,0.00026505340429139324,0.0022439943839807886,0.03421474395033259,0.050286881071757585,0.0,0.1458333283662796
94,192512,977.8454942266834,203,0.05998563190825797,0.07310091409736286,0.0,0.2916666567325592,76.93103448275862,2.935291026900747,69.0,80.0,1.9355821013450623,0.01616248267237097,-0.005059028131654486,0.0004740792246593628,0.003758326105072652,0.05998563190825797,0.07310091409736286,0.0,0.2916666567325592
95,194560,957.3316158443043,205,0.0403645838086959,0.05709186301750688,0.0,0.17291666567325592,78.20833333333333,2.449135334947599,72.0,80.0,1.933320313692093,0.01824896188918501,-0.0015343366976594552,0.0002977445619762875,0.0041804382816938886,0.0403645838086959,0.05709186301750688,0.0,0.17291666567325592
96,196608,949.8032976669712,207,0.03433642005202947,0.05527815643482274,0.0,0.20624999701976776,76.96296296296296,3.882357831519603,63.0,80.0,1.935156375169754,0.016094323829747736,-0.0001376701329718344,0.0003003267484018579,0.0033936220965018484,0.03433642005202947,0.05527815643482274,0.0,0.20624999701976776
97,198656,971.8292490927073,209,0.03534482739833665,0.05149373921279006,0.0,0.15416666865348816,77.44827586206897,3.146823323186161,67.0,80.0,1.9349081069231033,0.015800056513398886,6.539990135934204e-05,0.000307011769109522,0.0048142312588625655,0.03534482739833665,0.05149373921279006,0.0,0.15416666865348816
98,200704,961.8154771508861,211,0.04166666699651008,0.06450207692918634,0.0,0.25,76.5,3.304037933599835,70.0,80.0,1.9329553097486496,0.012139082769863307,-0.0025034653808688745,0.0003327754147903761,0.0034410454141460952,0.04166666699651008,0.06450207692918634,0.0,0.25
99,202752,966.7958354755322,213,0.04675925964558566,0.0457361952819381,0.0,0.125,77.14814814814815,2.0674497388078317,71.0,80.0,1.9352759718894958,0.01248559873783961,-0.0035444353270577267,0.00032576891680946574,0.004261135891681331,0.04675925964558566,0.0457361952819381,0.0,0.125
100,204800,968.6201435282715,215,0.04015804609637065,0.051235619663389284,0.0,0.17499999701976776,77.51724137931035,2.499940546260946,72.0,80.0,1.9368076175451279,0.010607209522277117,-0.004819789901375771,0.00033485038875369355,0.003366257205765502,0.04015804609637065,0.051235619663389284,0.0,0.17499999701976776
101,206848,920.427976766035,218,0.042968749990298725,0.054518795040885464,0.0,0.1875,76.54166666666667,2.7382958001079594,72.0,80.0,1.9373523592948914,0.012543868855573237,-0.0022647135774604976,0.0002525201743992511,0.0028052283105286253,0.042968749990298725,0.054518795040885464,0.0,0.1875
102,208896,978.3114548274059,220,0.021219136055420945,0.04029388677264365,0.0,0.1875,78.14814814814815,2.2394394752342186,72.0,80.0,1.9382777214050293,0.016410708660259843,0.00040749266008788254,0.0002440775788272731,0.0033306021928274565,0.021219136055420945,0.04029388677264365,0.0,0.1875
103,210944,944.9955166827083,222,0.028497024830098132,0.050241400894991364,0.0,0.2083333432674408,77.25,2.3997767753331916,72.0,80.0,1.938648521900177,0.013613118208013475,-0.0012878130983153824,0.0002511013863113476,0.0029362634461441435,0.028497024830098132,0.050241400894991364,0.0,0.2083333432674408
104,212992,950.2312422482,224,0.035416667555602126,0.05015001682395834,0.0,0.17916667461395264,77.23076923076923,3.003942183041021,69.0,80.0,1.9368544816970825,0.015129468287341297,0.00011032636757590808,0.00024822595150908455,0.003075244012853696,0.035416667555602126,0.05015001682395834,0.0,0.17916667461395264
105,215040,971.3698807908617,226,0.026750000528991222,0.03552033898544976,0.0,0.125,77.68,2.4612192100664254,70.0,80.0,1.9384274333715439,0.017480000387877226,0.002261657122289762,0.0001657589145906968,0.0018936407067406955,0.026750000528991222,0.03552033898544976,0.0,0.125
106,217088,959.1138158549978,228,0.023666667062789203,0.03123544128470613,0.0,0.125,77.92,2.225668438918969,71.0,80.0,1.9404579401016235,0.015534288831986487,0.0011932198431168217,0.00016396080445701955,0.001752845322851696,0.023666667062789203,0.03123544128470613,0.0,0.125
107,219136,960.022051840915,230,0.051711310183496347,0.06699152105492054,0.0,0.1979166716337204,77.17857142857143,3.4543303199294177,68.0,80.0,1.9359025657176971,0.01755244703963399,-0.00457088221446611,0.0003907630962203257,0.002815163144377007,0.051711310183496347,0.06699152105492054,0.0,0.1979166716337204
108,221184,967.2517580694634,233,0.03413461566938517,0.052310648568865456,0.0,0.21250000596046448,77.26923076923077,2.7812240291986035,70.0,80.0,1.930366262793541,0.02003910834901035,0.00045554481403087266,0.000352483824826777,0.0035378115678872057,0.03413461566938517,0.052310648568865456,0.0,0.21250000596046448
109,223232,968.1635850502682,235,0.035977564931202397,0.0541899547237526,0.0,0.2083333432674408,77.57692307692308,3.5428484511659533,66.0,80.0,1.9342683106660843,0.019669774221256375,3.426650437177159e-05,0.00030765272458666004,0.0020436929743308,0.035977564931202397,0.0541899547237526,0.0,0.2083333432674408
110,225280,953.7740919451887,237,0.040804598416233885,0.039260698840352715,0.0,0.13333334028720856,76.65517241379311,2.694513737322249,71.0,80.0,1.9369231015443802,0.021733072120696306,0.0009631276843720116,0.0002727447990764631,0.0028865817332717836,0.040804598416233885,0.039260698840352715,0.0,0.13333334028720856
111,227328,937.660042486475,239,0.049479167336054765,0.05953393116477641,0.0,0.19166666269302368,77.29166666666667,2.6689443397884656,72.0,80.0,1.9343279153108597,0.019484441028907895,-0.0013475260820996482,0.00036545332113746554,0.004148426318562763,0.049479167336054765,0.05953393116477641,0.0,0.19166666269302368
112,229376,961.3648790254663,241,0.053163580846524346,0.07781573710659259,0.0,0.2708333432674408,76.70370370370371,3.2411110899495084,70.0,80.0,1.9286109507083893,0.023687167325988412,-0.0034729999642877374,0.0004679963403759757,0.004016702389718242,0.053163580846524346,0.07781573710659259,0.0,0.2708333432674408
113,231424,963.6204800638978,243,0.021767242008755947,0.03279278998145856,0.0,0.12291666865348816,77.65517241379311,2.8073286120065686,70.0,80.0,1.9345537275075912,0.023521170485764742,0.0027016293606720865,0.00030533150675182696,0.0022787858388679614,0.021767242008755947,0.03279278998145856,0.0,0.12291666865348816
114,233472,971.8295789389011,245,0.0545833330694586,0.0631054001267103,0.0,0.2291666567325592,75.84,3.5403954581374095,67.0,80.0,1.938039317727089,0.022523406893014908,0.0028139270143583417,0.00029312536935321987,0.00201017733838643,0.0545833330694586,0.0631054001267103,0.0,0.2291666567325592
115,235520,954.6605674616749,248,0.020447531214880722,0.031283609074952236,0.0,0.09166666865348816,77.66666666666667,2.6246692913372702,70.0,80.0,1.9399119764566422,0.018272392451763153,0.004986494954209775,0.0001383407743560383,0.0017316427368419926,0.020447531214880722,0.031283609074952236,0.0,0.09166666865348816
116,237568,962.2658510981397,250,0.020756173128676083,0.029736937652667262,0.0,0.125,78.0,2.22777085064038,73.0,80.0,1.9419273138046265,0.013344451203010976,0.0029413731244858354,0.00011716401604644489,0.001415727656462115,0.020756173128676083,0.029736937652667262,0.0,0.125
117,239616,973.2105158746119,252,0.03645833331393078,0.05522470883951488,0.0,0.1666666716337204,77.25,2.742413778650722,72.0,80.0,1.9403714835643768,0.01723122550174594,-0.0024060577270574868,0.00036202101000526454,0.0030326457962107064,0.03645833331393078,0.05522470883951488,0.0,0.1666666716337204
118,241664,966.3411034574463,254,0.03377976223626839,0.04201254219457063,0.0,0.1354166716337204,77.32142857142857,3.0943909097011026,68.0,80.0,1.935871109366417,0.01650379493366927,0.0012628876065718941,0.00028375642432365566,0.0021721806244489198,0.03377976223626839,0.04201254219457063,0.0,0.1354166716337204
119,243712,960.0166872064118,256,0.02581845210599048,0.050684607396414325,0.0,0.2291666567325592,76.92857142857143,3.3692789757345007,67.0,80.0,1.938176468014717,0.01148462132550776,0.0019085949534201063,0.0001298931074416032,0.0019827823384833297,0.02581845210599048,0.050684607396414325,0.0,0.2291666567325592
120,245760,966.3411034574463,258,0.019583333730697632,0.031529308042558615,0.0,0.1041666716337204,78.28,1.9701776569639602,74.0,80.0,1.9419094175100327,0.010346041235607117,0.0005338909686543047,0.00011212411936867284,0.0023653637901445246,0.019583333730697632,0.031529308042558615,0.0,0.1041666716337204
121,247808,937.6604518990171,260,0.03685897404256348,0.054915826738007,0.0,0.2291666567325592,78.03846153846153,2.4255176962196243,71.0,80.0,1.939045399427414,0.014541370910592377,-0.00447752489708364,0.00044100088052800857,0.0038745785010385714,0.03685897404256348,0.054915826738007,0.0,0.2291666567325592
122,249856,920.8408114609642,263,0.029916667034849524,0.06586729216112965,0.0,0.2708333432674408,78.4,2.3664319132398464,70.0,80.0,1.9382221698760986,0.013172303442843258,0.001418677256879164,0.00013461654089041986,0.0015071020328785672,0.029916667034849524,0.06586729216112965,0.0,0.2708333432674408
123,251904,930.0155875697003,265,0.028879311072222632,0.04713005179803223,0.0,0.1666666716337204,78.17241379310344,2.0183462933326757,74.0,80.0,1.9378062635660172,0.014102774322964251,-0.0013552452073781751,0.0003103364051639801,0.0021489576053963905,0.028879311072222632,0.04713005179803223,0.0,0.1666666716337204
124,253952,957.7777994335577,267,0.03793402776742975,0.04569494130314591,0.0,0.1666666567325592,76.75,2.384848003542364,70.0,80.0,1.937071532011032,0.016102339141070843,-0.0013423339296423364,0.00026292582515452523,0.003262932686227792,0.03793402776742975,0.04569494130314591,0.0,0.1666666567325592
125,256000,931.7037098902024,269,0.0436698727739545,0.04942741427365192,0.0,0.1458333432674408,77.03846153846153,2.7662911748233094,70.0,80.0,1.9354349970817566,0.01772884582169354,-0.0017353104849462397,0.0002936468845291529,0.0023896259906708494,0.0436698727739545,0.04942741427365192,0.0,0.1458333432674408
126,258048,911.845482307303,271,0.029813218773503243,0.03867919081522697,0.0,0.12708333134651184,77.06896551724138,2.3478682111102347,71.0,80.0,1.9325083196163177,0.01762180170044303,-0.0011893381997651886,0.0002678524106158875,0.002379476230342444,0.029813218773503243,0.03867919081522697,0.0,0.12708333134651184
127,260096,964.5254702911542,274,0.05368589711053154,0.07057198049316712,0.0,0.2541666626930237,75.96153846153847,4.023782847317542,65.0,80.0,1.9327265322208405,0.017232244834303856,-0.000532669662788976,0.0003436004990362562,0.002876190541069866,0.05368589711053154,0.07057198049316712,0.0,0.2541666626930237
128,262144,969.535428945379,276,0.031000000331550835,0.045993357331230854,0.0,0.16875000298023224,77.44,2.8436596139481956,67.0,80.0,1.9352777600288391,0.018490980844944715,0.0007864786712161731,0.00026994780273525976,0.0025061564238383024,0.031000000331550835,0.045993357331230854,0.0,0.16875000298023224
129,264192,965.4327045010524,278,0.04123563252004056,0.06004862027013871,0.0,0.2083333432674408,76.72413793103448,3.038790046464592,69.0,80.0,1.931860089302063,0.0210174722597003,-0.0014232113007892622,0.00046900130109861493,0.0028309203925613326,0.04123563252004056,0.06004862027013871,0.0,0.2083333432674408
130,266240,966.7964883523209,280,0.04575320534730473,0.04499703477960118,0.0,0.13124999403953552,76.96153846153847,2.3284324411792783,72.0,80.0,1.9306977987289429,0.017243778565898538,0.0010133691394003108,0.00023294399034057278,0.0018317347167404131,0.04575320534730473,0.04499703477960118,0.0,0.13124999403953552
131,268288,925.823371171667,282,0.029427084111375734,0.047993269328169434,0.0,0.1458333432674408,78.45833333333333,2.397553730135967,71.0,80.0,1.9377993494272232,0.016321862814947963,0.0018621228446136229,0.0002152103970729513,0.0017958542296236258,0.029427084111375734,0.047993269328169434,0.0,0.1458333432674408
132,270336,952.8886269935103,284,0.021944444867161413,0.03694313956000505,0.0,0.125,77.43333333333334,2.4451766580124406,71.0,80.0,1.9418995827436447,0.014805533457547426,0.003659890848211944,0.00013703292188438354,0.0026747461969104753,0.021944444867161413,0.03694313956000505,0.0,0.125
133,272384,959.5678797231151,286,0.036141304430835276,0.057145675050715446,0.0,0.19374999403953552,77.26086956521739,2.5059475566938367,71.0,80.0,1.9398019313812256,0.01987839420326054,3.49535566783743e-05,0.00030557363061234355,0.002869684528130816,0.036141304430835276,0.057145675050715446,0.0,0.19374999403953552
134,274432,960.9148103940676,289,0.02831790164216525,0.039141291332857694,0.0,0.1354166716337204,77.5925925925926,2.4982847339318597,69.0,80.0,1.937591165304184,0.015870648785494268,0.0015704133948020171,0.00021210607337707188,0.002775364919272638,0.02831790164216525,0.039141291332857694,0.0,0.1354166716337204
135,276480,910.2288773634739,291,0.03857758655694538,0.05025861266584827,0.0,0.15625,77.58620689655173,2.810291939421957,69.0,80.0,1.9374445080757141,0.013325633015483618,-0.0003562186975614168,0.000278109184364439,0.002333158240203248,0.03857758655694538,0.05025861266584827,0.0,0.15625
136,278528,965.8826719104337,293,0.032552083604969084,0.04586020571071929,0.0,0.13750000298023224,77.25,3.191786333700926,69.0,80.0,1.937719777226448,0.012567410012707114,0.0004857241347053787,0.00020920110546285287,0.004333397268661129,0.032552083604969084,0.04586020571071929,0.0,0.13750000298023224
137,280576,970.910617333181,295,0.040509259724920546,0.06243395045860941,0.0,0.27916666865348816,77.29629629629629,3.0284431254458712,68.0,80.0,1.9342608004808426,0.010660342697519809,-0.0024667628458701074,0.0003532024202286266,0.004162015351684978,0.040509259724920546,0.06243395045860941,0.0,0.27916666865348816
138,282624,964.9792535744384,297,0.02849702427296766,0.04685698673881012,0.0,0.17916667461395264,77.53571428571429,2.7187463347383223,70.0,80.0,1.932498261332512,0.005861262732651085,-0.002121098688803613,0.00019315891040605493,0.0028030943466755063,0.02849702427296766,0.04685698673881012,0.0,0.17916667461395264
139,284672,962.716539125367,299,0.026721014924671337,0.05310289179621021,0.0,0.2291666716337204,77.34782608695652,2.8224056290639097,71.0,80.0,1.9378262609243393,0.008748271269723773,-0.002575382764916867,0.00023161918579717167,0.002486081904842049,0.026721014924671337,0.05310289179621021,0.0,0.2291666716337204
140,286720,969.53510065465,301,0.028232758993218685,0.0355898665431303,0.0,0.11041666567325592,78.13793103448276,1.960368331524399,74.0,80.0,1.941042810678482,0.016156642930582166,0.00035078067412541714,0.0001595562425791286,0.0014571898166660885,0.028232758993218685,0.0355898665431303,0.0,0.11041666567325592
141,288768,922.910453259924,304,0.04017857138699453,0.05108828317060171,0.0,0.1666666716337204,77.21428571428571,2.596111692198035,72.0,80.0,1.940279260277748,0.017936923075467348,0.0004717280353361275,0.0002481272385921329,0.0022223106945743485,0.04017857138699453,0.05108828317060171,0.0,0.1666666716337204
142,290816,959.5679869149229,306,0.044507576459595424,0.05394603053676372,0.0,0.1875,77.54545454545455,3.2154071243322533,70.0,80.0,1.9384663701057434,0.019093324430286884,-0.0004388338093122002,0.0003115284944215091,0.002586132129336754,0.044507576459595424,0.05394603053676372,0.0,0.1875
143,292864,959.1195987700844,308,0.02600574741493268,0.048135186287119866,0.0,0.17499999701976776,77.58620689655173,2.6976009952562685,69.0,80.0,1.9372862577438354,0.01472019124776125,0.00030459505433100276,0.00023293967387871817,0.002866565075977657,0.02600574741493268,0.048135186287119866,0.0,0.17499999701976776
144,294912,969.0725411035418,310,0.05312499946628053,0.047997596462081675,0.0,0.1458333283662796,76.26923076923077,3.276462589530318,68.0,80.0,1.9306597113609314,0.018231438472867012,-0.001939680296345614,0.00036987525891163386,0.0024779541535759476,0.05312499946628053,0.047997596462081675,0.0,0.1458333283662796
145,296960,982.0541771060736,312,0.04627976267199431,0.054637824395936126,0.0,0.21250000596046448,76.71428571428571,3.4729273660409197,68.0,80.0,1.9348660558462143,0.012509943800978363,3.279035445302725e-05,0.00024566833599237725,0.002146539481959791,0.04627976267199431,0.054637824395936126,0.0,0.21250000596046448
146,299008,963.6157237257908,314,0.030528846259515446,0.04291768607422669,0.0,0.1666666567325592,77.8076923076923,2.3861657491147845,73.0,80.0,1.9359875172376633,0.01188029837794602,-0.0011062703852076083,0.00020167306502116844,0.0022462751896596533,0.030528846259515446,0.04291768607422669,0.0,0.1666666567325592
147,301056,957.3358835736963,316,0.04719551399242706,0.06377163327902917,0.0,0.2708333432674408,76.57692307692308,2.857824305886142,70.0,80.0,1.9346768707036972,0.013167787692509592,-0.0037365426251199096,0.0003192521253367886,0.0023342713519923126,0.04719551399242706,0.06377163327902917,0.0,0.2708333432674408
148,303104,963.1686214989843,318,0.02219551293931615,0.0363238924376851,0.0,0.11666666716337204,77.92307692307692,2.5256084860587698,73.0,80.0,1.938671737909317,0.013923221151344478,0.002477530128089711,0.00011091885789937805,0.0011446819874695471,0.02219551293931615,0.0363238924376851,0.0,0.11666666716337204
149,305152,975.5226657433011,321,0.02685185247618291,0.030683305461615837,0.0,0.09791667014360428,77.81481481481481,2.1779541374798748,71.0,80.0,1.9401367455720901,0.016493020812049508,-0.0008012522375793196,0.0002037785088759847,0.0026404756076365624,0.02685185247618291,0.030683305461615837,0.0,0.09791667014360428
150,307200,955.9940663366997,323,0.027483974646132153,0.036567004771491704,0.0,0.12916666269302368,78.11538461538461,2.1181799712329794,74.0,80.0,1.939233511686325,0.014090182608924806,0.00240728234348353,0.00011219977477594512,0.0014338393889647772,0.027483974646132153,0.036567004771491704,0.0,0.12916666269302368
151,309248,926.658928124701,325,0.026121795437155433,0.03469394065949253,0.0,0.1041666716337204,78.76923076923077,1.5518646924486164,74.0,80.0,1.9398446381092072,0.011210211319848895,0.0009771283876034431,0.00013299333659233525,0.0014419713388134827,0.026121795437155433,0.03469394065949253,0.0,0.1041666716337204
152,311296,961.8154771508861,327,0.03701923108802965,0.0430472703226909,0.0,0.125,77.5,2.1528156875625433,72.0,80.0,1.9408773332834244,0.012394450372084975,-0.0011995137683697976,0.00023400601094181184,0.0021427637159818318,0.03701923108802965,0.0430472703226909,0.0,0.125
153,313344,959.1194916784306,329,0.04367559468872579,0.06382154757202334,0.0,0.23541666567325592,77.0,2.815771906346718,69.0,80.0,1.9363722652196884,0.01512774161528796,-0.004660442820750177,0.00041006819083122537,0.0023523463054381704,0.04367559468872579,0.06382154757202334,0.0,0.23541666567325592
154,315392,967.2515402387587,331,0.04135802536512966,0.04768868197242479,0.0,0.1458333432674408,77.4074074074074,2.2486087758015616,72.0,80.0,1.9294545948505402,0.012906704796478152,-0.0010145598607778084,0.00027787821454694495,0.0023251181380469776,0.04135802536512966,0.04768868197242479,0.0,0.1458333432674408
155,317440,952.4469859979248,333,0.05034722347045317,0.053753321213603586,0.0,0.17291668057441711,76.54166666666667,2.6296255542482765,71.0,80.0,1.9329545497894287,0.015935670817270875,-0.001731522221234627,0.00030752269412914757,0.002035563419684368,0.05034722347045317,0.053753321213603586,0.0,0.17291668057441711
156,319488,944.1262690021971,336,0.04077380980431501,0.05152807674886893,0.0,0.2291666567325592,76.89285714285714,2.7560230886743535,71.0,80.0,1.9362923055887222,0.022186238784343004,0.00045294558640307514,0.0002432891105854651,0.0020995733647434017,0.04077380980431501,0.05152807674886893,0.0,0.2291666567325592
157,321536,931.281079791231,338,0.026488095970957408,0.037926874926400386,0.0,0.15208333730697632,77.32142857142857,2.550260090777457,70.0,80.0,1.9372631162405014,0.02137885964475572,0.003855278075207025,0.00019562411125662038,0.0030481774686135048,0.026488095970957408,0.037926874926400386,0.0,0.15208333730697632
158,323584,966.3413208782725,340,0.04131944370844091,0.058177078541098805,0.0,0.1979166567325592,76.54166666666667,3.328903306228978,69.0,80.0,1.936536282300949,0.021735969930887222,0.0027865448355441913,0.0002621167768666055,0.0019415711842071096,0.04131944370844091,0.058177078541098805,0.0,0.1979166567325592
159,325632,987.72288953115,342,0.03919753164087457,0.05687675939641471,0.0,0.21041667461395264,78.11111111111111,2.922876986214646,68.0,80.0,1.9369713962078094,0.01914817886427045,-0.0002387596141488757,0.00032874580938369036,0.0027035666849717904,0.03919753164087457,0.05687675939641471,0.0,0.21041667461395264
160,327680,954.2173888169981,344,0.04015804645765958,0.0405448720110744,0.0,0.13124999403953552,77.03448275862068,2.326500385301104,73.0,80.0,1.9353740364313126,0.01566921081393957,-0.0003164236404700205,0.00023901315580587834,0.0027390453351938985,0.04015804645765958,0.0405448720110744,0.0,0.13124999403953552
161,329728,930.0165944806614,346,0.03515625015522043,0.052212728239168275,0.0,0.23124998807907104,77.29166666666667,2.776075867519154,71.0,80.0,1.932135671377182,0.01924447761848569,-0.0015249599291564664,0.0003280006167187821,0.0024598413307192336,0.03515625015522043,0.052212728239168275,0.0,0.23124998807907104
162,331776,957.7777994335577,349,0.049255952380398024,0.04665196337296434,0.0,0.125,76.96428571428571,2.3373083245651682,72.0,80.0,1.9327483922243118,0.015320817125029862,-0.0013249485855340026,0.0003091395956289489,0.003006233570973147,0.049255952380398024,0.04665196337296434,0.0,0.125
163,333824,961.808907829117,351,0.04390432180284902,0.04609188495033803,0.0,0.1458333432674408,76.74074074074075,2.66100221432386,71.0,80.0,1.9350081235170364,0.018860392970964313,-0.0010059453934445628,0.0002768149242911022,0.002674986646082557,0.04390432180284902,0.04609188495033803,0.0,0.1458333432674408
164,335872,955.1106360106804,353,0.02881944494826409,0.046726875842213945,0.0,0.1458333432674408,77.375,2.6427968139832467,72.0,80.0,1.9361041635274887,0.01888922229409218,0.0014204449507815298,0.00026189533673459664,0.0028415506995831136,0.02881944494826409,0.046726875842213945,0.0,0.1458333432674408
165,337920,967.707674802683,355,0.03660714181439419,0.06775622591769831,0.0,0.2708333134651184,77.39285714285714,3.373629729389461,67.0,80.0,1.9376158565282822,0.021574488608166575,0.0012491652378230356,0.0002573036035755649,0.0020008845121659313,0.03660714181439419,0.06775622591769831,0.0,0.2708333134651184
166,339968,965.8866903961009,357,0.018526785982040956,0.03081713753816759,0.0,0.125,77.96428571428571,2.2753672051709253,72.0,80.0,1.93890181183815,0.016645442694425583,0.0028772563382517546,0.00021752406610175967,0.0020574454104796327,0.018526785982040956,0.03081713753816759,0.0,0.125
167,342016,970.9100686288317,359,0.0471014487962036,0.05959029615980054,0.0,0.2291666567325592,77.04347826086956,2.9558822837884406,71.0,80.0,1.9352753013372421,0.017656247597187757,-0.0016531984183529858,0.00031777678123035,0.002679204727209275,0.0471014487962036,0.05959029615980054,0.0,0.2291666567325592
168,344064,969.0776794440362,361,0.04308035749376619,0.047429111049765486,0.0,0.125,77.25,2.5997939478790566,73.0,80.0,1.9353758990764618,0.015473463223315775,0.0007054687666823156,0.00027423352730693296,0.0029087134027832133,0.04308035749376619,0.047429111049765486,0.0,0.125
169,346112,982.0539525571725,363,0.04310344885392436,0.04711219828720579,0.0,0.1875,76.72413793103448,2.765508642174265,68.0,80.0,1.9351182579994202,0.02347580809146166,-0.0031556526955682784,0.0003788368085224647,0.0035890550004504087,0.04310344885392436,0.04711219828720579,0.0,0.1875
170,348160,961.3647714318266,366,0.0506944443914108,0.0574041392810387,0.0,0.2291666567325592,76.95833333333333,2.8792239502260943,70.0,80.0,1.9328924417495728,0.025626895716413856,-0.0001954460130946245,0.00029526156504289247,0.002616673229327744,0.0506944443914108,0.0574041392810387,0.0,0.2291666567325592
171,350208,934.2471614820993,368,0.027777778096841992,0.04034158426619493,0.0,0.125,77.51851851851852,2.4850720292172226,72.0,80.0,1.9365292191505432,0.018737270729616284,0.005051647196523845,0.00017217202002939302,0.003137186829961405,0.027777778096841992,0.04034158426619493,0.0,0.125
172,352256,973.2113979670717,370,0.02559523851544197,0.04642427963352501,0.0,0.2083333432674408,77.5,2.958039891549808,70.0,80.0,1.9387211352586746,0.018943595932796597,0.002889850271458272,0.00022988349155639298,0.002204971469189929,0.02559523851544197,0.04642427963352501,0.0,0.2083333432674408
173,354304,963.6204800638978,372,0.02013888903699505,0.030373510664087038,0.0,0.1041666641831398,77.875,1.8328597873268975,75.0,80.0,1.9411221146583557,0.018324002856388688,0.005690061196219176,8.626420640212018e-05,0.001548134643730208,0.02013888903699505,0.030373510664087038,0.0,0.1041666641831398
174,356352,966.3415382991967,374,0.040354937961738974,0.05378590013793484,0.0,0.1666666567325592,77.22222222222223,2.739739556875101,71.0,80.0,1.9413389265537262,0.020218234043568373,5.577729916694807e-05,0.0003130972218059469,0.0034438755701518805,0.040354937961738974,0.05378590013793484,0.0,0.1666666567325592
175,358400,974.5962675288259,376,0.031330128809293874,0.06053393038068377,0.0,0.2708333432674408,76.73076923076923,2.8897390394248976,70.0,80.0,1.9409805834293365,0.01603184884879738,0.0017211252052220516,0.00023723009508103132,0.003567760540576468,0.031330128809293874,0.06053393038068377,0.0,0.2708333432674408
176,360448,968.6205804235216,378,0.027157738256002113,0.047296327832722564,0.0,0.1458333432674408,78.25,2.680951323690902,70.0,80.0,1.941221445798874,0.016334976768121123,0.0012414237098710146,0.0002251561400044011,0.002232089547435384,0.027157738256002113,0.047296327832722564,0.0,0.1458333432674408
177,362496,944.9958285652302,380,0.03717948790066517,0.04971436998464688,0.0,0.1875,77.42307692307692,2.648266151554155,70.0,80.0,1.9369921684265137,0.019498407607898116,-0.003732769713678863,0.0004327327860664809,0.0028092743518995955,0.03717948790066517,0.04971436998464688,0.0,0.1875
178,364544,968.1633668086725,383,0.04527243661085287,0.05761797550776031,0.0,0.17500001192092896,76.8076923076923,3.0257768331102977,68.0,80.0,1.9363768249750137,0.011484377551823854,0.0011927579289476853,0.00018238698248751462,0.0015261673025064393,0.04527243661085287,0.05761797550776031,0.0,0.17500001192092896
179,366592,961.3650942128179,385,0.04058641998131794,0.04556024943346323,0.0,0.13124999403953552,77.25925925925925,2.4734530158613333,72.0,80.0,1.9327114671468735,0.014271329389885068,-0.002752840649918653,0.00032532082877878565,0.0028908078050610244,0.04058641998131794,0.04556024943346323,0.0,0.13124999403953552
180,368640,963.6204800638978,387,0.043750000462211946,0.04964508804300183,0.0,0.1875,76.92592592592592,3.4418548608856123,66.0,80.0,1.9330950528383255,0.014217260293662548,-0.003945031261537224,0.00033901407368830405,0.0035201141346027434,0.043750000462211946,0.04964508804300183,0.0,0.1875
181,370688,894.7605270315047,389,0.03827160522686662,0.04751119422933741,0.0,0.1354166716337204,76.77777777777777,3.4569664858008986,67.0,80.0,1.9374767243862152,0.015141163254156709,-0.001063812080246862,0.0002509413388906978,0.0017874066317842404,0.03827160522686662,0.04751119422933741,0.0,0.1354166716337204
182,372736,935.524509458508,391,0.041250000353902576,0.04336136904203768,0.0,0.15625,77.08,2.3650792798551175,71.0,80.0,1.9381850808858871,0.018225833540782332,0.00035734891207539476,0.00021875847414776217,0.0016190826169986182,0.041250000353902576,0.04336136904203768,0.0,0.15625
183,374784,982.0541771060736,393,0.04092261943567012,0.047475369604294416,0.0,0.1458333432674408,77.35714285714286,2.5941456853335536,70.0,80.0,1.9369940161705017,0.019438874907791615,-0.0022679994290228933,0.00035740856037591584,0.0020828030492848685,0.04092261943567012,0.047475369604294416,0.0,0.1458333432674408
184,376832,971.3695512566441,396,0.0334166672360152,0.04354308281350957,0.0,0.1666666716337204,78.0,2.592296279363144,71.0,80.0,1.9369859099388123,0.018837041687220335,0.0014185822728904895,0.0002162070322810905,0.001751519807450836,0.0334166672360152,0.04354308281350957,0.0,0.1666666716337204
185,378880,948.4878396087121,398,0.04166666647562614,0.05016998202331644,0.0,0.17083331942558289,77.38461538461539,2.51268968785555,70.0,80.0,1.9304510653018951,0.022715445142239332,-0.0025520031340420246,0.0004294476966606453,0.0032049262582425943,0.04166666647562614,0.05016998202331644,0.0,0.17083331942558289
186,380928,964.9780611297474,400,0.05982142889739147,0.05082057593369544,0.0,0.1666666567325592,75.78571428571429,3.706723070094035,69.0,80.0,1.9282233119010925,0.012226001475937665,-0.000557329516595928,0.0003651404404081404,0.0020004259557535988,0.05982142889739147,0.05082057593369544,0.0,0.1666666567325592
187,382976,962.2666056666396,402,0.040476191630919596,0.053051797500428044,0.0,0.2187500149011612,76.46428571428571,3.3645435145387097,68.0,80.0,1.9360784590244293,0.013264260604046285,0.00012947473442181945,0.0001787974251783453,0.002089574689452305,0.040476191630919596,0.053051797500428044,0.0,0.2187500149011612
188,385024,969.9933920249675,404,0.021333333989605307,0.03926972388026745,0.0,0.13750000298023224,77.28,3.4469696836496837,68.0,80.0,1.9388201087713242,0.015554735553450882,0.0006066760397516191,0.00020238011984474724,0.0022512201595594914,0.021333333989605307,0.03926972388026745,0.0,0.13750000298023224
189,387072,975.0594679562824,406,0.030632716819161066,0.04949856336615411,0.0,0.1562500149011612,77.0,2.8284271247461903,71.0,80.0,1.9399379789829254,0.012692679069004953,-3.64450752385892e-05,0.00018988475676451344,0.0019342686294942558,0.030632716819161066,0.04949856336615411,0.0,0.1562500149011612
190,389120,959.1202413205099,408,0.014043210272642749,0.0220813872148914,0.0,0.0833333358168602,78.18518518518519,1.8863454189995323,74.0,80.0,1.9414732605218887,0.011573697905987501,0.0027264226227998734,9.786272312339861e-05,0.0017158418916282151,0.014043210272642749,0.0220813872148914,0.0,0.0833333358168602
191,391168,929.5954932347876,411,0.025583333522081374,0.047818813245594935,0.0,0.1458333283662796,77.76,2.454057864028475,73.0,80.0,1.9421843439340591,0.013097248855046928,-0.00027184159989701584,0.0001756298652253463,0.0016932044106443998,0.025583333522081374,0.047818813245594935,0.0,0.1458333283662796
192,393216,993.937581633097,413,0.036607143053385825,0.04572304252590565,0.0,0.15416666865348816,78.03571428571429,2.3525387936249222,72.0,80.0,1.9410186856985092,0.01529219001531601,-0.002920513186836615,0.0003371488128323108,0.003652813914528887,0.036607143053385825,0.04572304252590565,0.0,0.15416666865348816
193,395264,950.2431205026968,415,0.042666667262092235,0.0533597594929362,0.0,0.1875,76.68,2.8102668912400475,69.0,80.0,1.9398137927055359,0.015050264773890376,-0.00010801135067595169,0.00023361647072306368,0.0018029036384437013,0.042666667262092235,0.0533597594929362,0.0,0.1875
194,397312,959.5678797231151,417,0.023842592887511407,0.0334312478308203,0.0,0.125,78.03703703703704,2.2522660437793736,73.0,80.0,1.9392221719026566,0.014754584524780512,4.5042921556159854e-05,0.00022646217985311523,0.0019309810685922092,0.023842592887511407,0.0334312478308203,0.0,0.125
195,399360,944.5606409250123,419,0.03626543238621067,0.05403075123828049,0.0,0.2083333432674408,77.37037037037037,2.436575437540523,72.0,80.0,1.939131885766983,0.014063478214666247,0.001349440441117622,0.0001866887541837059,0.0019529591416002888,0.03626543238621067,0.05403075123828049,0.0,0.2083333432674408
196,401408,975.5229981014065,421,0.024392361316131428,0.03513716887432136,0.0,0.125,77.91666666666667,2.0190069065976197,73.0,80.0,1.940511777997017,0.012939136940985918,0.0023667190253036097,0.00010382419350207783,0.001261438950326653,0.024392361316131428,0.03513716887432136,0.0,0.125
197,403456,961.8150463729387,423,0.021279762365988324,0.03631714697542598,0.0,0.125,77.78571428571429,2.512215056438425,70.0,80.0,1.9414094388484955,0.012892126571387053,5.6819506426109e-05,0.000210540392799885,0.0022629044693357227,0.021279762365988324,0.03631714697542598,0.0,0.125
198,405504,953.7739860439264,425,0.026250000204890968,0.03624760514342974,0.0,0.11249999701976776,77.68,2.6187019685332653,73.0,80.0,1.9413383603096008,0.012881976319476962,3.711727367772255e-05,0.00019971770234405994,0.002276518418258518,0.026250000204890968,0.03624760514342974,0.0,0.11249999701976776
199,407552,955.54869236226,428,0.029967948731679756,0.04246069066403921,0.0,0.1458333283662796,78.07692307692308,2.335727146259843,72.0,80.0,1.9412417709827423,0.014271875726990402,0.0014019548198120901,0.0001873183482530294,0.0017027644494168786,0.029967948731679756,0.04246069066403921,0.0,0.1458333283662796
200,409600,957.7748092603146,430,0.0320512827915641,0.05943352796668715,0.0,0.2708333432674408,77.8076923076923,2.449791682968335,70.0,80.0,1.9402687698602676,0.016626619617454708,0.0005954224834567867,0.00036578871731762774,0.002833954108606954,0.0320512827915641,0.05943352796668715,0.0,0.2708333432674408
201,411648,909.422963242305,432,0.04188988060091755,0.053098262588654965,0.0,0.1666666567325592,76.67857142857143,3.3386649537606177,68.0,80.0,1.934378907084465,0.0179830570705235,-0.0030867744790157303,0.00040307085146196187,0.0025570587617390504,0.04188988060091755,0.053098262588654965,0.0,0.1666666567325592
202,413696,951.1199874127889,434,0.05080128247992924,0.0498464422036524,0.0,0.1875,76.1923076923077,2.6460308558179793,69.0,80.0,1.9312787652015686,0.014678702340461314,-0.003307988925371319,0.00032594913864159025,0.0032955753752628384,0.05080128247992924,0.0498464422036524,0.0,0.1875
